[
    {
        "id":1,
        "name":"Kali Prasad",
        "designation":"Software Engineer",
        "skill":"java,MVC",
        "YOE": 4,
        "timeOnBench":4 ,//in months
        "trained": "angular 2.0",
        "image":"https://www.nbrii.com/wp-content/uploads/2011/02/employee-attitude-surveys.png"
    },
    {
        "id":2,
        "name":"Madhan",
        "designation":"Senior Software Engineer",
        "skill":".NET, Angular",
        "YOE": 7,
        "timeOnBench":1 ,//in months
        "trained": "angular 2.0,MVC",
        "image":"https://www.nbrii.com/wp-content/uploads/2011/02/employee-attitude-surveys.png"
    },
    {
        "id":3,
        "name":"Saswat",
        "designation":"Senior Software Engineer",
        "skill":"Big Data",
        "YOE": 3,
        "timeOnBench":2 ,//in months
        "trained": "Spark",
        "image":"https://www.nbrii.com/wp-content/uploads/2011/02/employee-attitude-surveys.png"
    },
    {
        "id":4,
        "name":"Lakshmi",
        "designation":"Senior Software Engineer",
        "skill":"java,HTML",
        "YOE": 3,
        "timeOnBench":0 ,//in months
        "trained": "java",
        "image":"https://www.nbrii.com/wp-content/uploads/2011/02/employee-attitude-surveys.png"
    },
    {
        "id":5,
        "name":"Sachin",
        "designation":"Software Engineer",
        "skill":".Net, Angular",
        "YOE": 3,
        "timeOnBench":2 ,//in months
        "trained": "angular 2.0",
        "image":"https://www.nbrii.com/wp-content/uploads/2011/02/employee-attitude-surveys.png"
    },
    {
        "id":6,
        "name":"Santosh",
        "designation":"Senior Software Engineer",
        "skill":".NET,MVC, Web API",
        "YOE": 4,
        "timeOnBench":1 ,//in months
        "trained": "",
        "image":"https://www.nbrii.com/wp-content/uploads/2011/02/employee-attitude-surveys.png"
    },
    {
        "id":7,
        "name":"Kiran",
        "designation":"Software Engineer",
        "skill":".NET,MVC",
        "YOE": 2.5,
        "timeOnBench":2 ,//in months
        "trained": "angular 2.0",
        "image":"https://www.nbrii.com/wp-content/uploads/2011/02/employee-attitude-surveys.png"
    },
    {
        "id":8,
        "name":"Aparesh",
        "designation":"Tech. Lead",
        "skill":".NET,MVC,Angular JS",
        "YOE": 10,
        "timeOnBench":0 ,//in months
        "trained": "",
        "image":"https://www.nbrii.com/wp-content/uploads/2011/02/employee-attitude-surveys.png"
    }
]